MoleculeID, Minimum, Maximum, Mean
1,0.0,1.0,0.0769479249805
2,0.282127517,0.964380785,0.592436367222
3,0.0,0.95,0.0681418288456
4,0.0,1.0,0.0389896027726
5,0.00263,1.0,0.212111767251
6,0.137873004,0.994734614,0.686653323552
7,0.00613,0.79083095,0.274712529109
8,0.0,0.989869664,0.455132815754
9,0.275589758,1.0,0.749516628792
10,0.00304,1.0,0.27041136438
11,0.0,1.0,0.171687588089
12,0.0,1.0,0.079528792322
13,0.0,1.0,0.0170656057329
14,0.0,1.0,0.126520585253
15,0.00297,0.725665462,0.51651501334
16,0.0,0.980615209,0.278736211036
17,0.15582589,1.0,0.580890142825
18,0.0,1.0,0.196150337553
19,0.0017,0.964093878,0.140163973264
20,0.0,0.895525528,0.0820160651168
21,0.0,0.483241492,0.0120489415161
22,0.0,0.896551724,0.0453682466156
23,0.0,1.0,0.966408957611
24,0.0,1.0,0.0518528392429
25,0.0,0.966400018,0.493407870488
26,0.0716,1.0,0.742170980015
27,0.0,1.0,0.520661157025
28,0.0,1.0,0.890695814449
29,0.0,1.0,0.0699369057377
30,0.03,1.0,0.282708916729
31,0.0,1.0,0.109775408869
32,0.0,0.817857323,0.0970834920408
33,0.0,0.802000907,0.0583771598462
34,0.0,0.807170971,0.0255288888486
35,0.0,0.898321267,0.0480062418675
36,0.0,1.0,0.0599536029717
37,0.0,1.0,0.0337084552231
38,0.0,1.0,0.0873397380109
39,0.0,0.87685656,0.154882013816
40,0.0,1.0,0.0176989997257
41,0.0,1.0,0.00804401514636
42,0.0,1.0,0.0225670939661
43,0.0,1.0,0.0749592340539
44,0.0,0.87167622,0.0527831168184
45,0.0,1.0,0.176665826526
46,0.0,1.0,0.481820820549
47,0.0,0.852197763,0.213648734439
48,0.0,0.957122686,0.0980207459837
49,0.0,0.775406633,0.0595231381245
50,0.0,1.0,0.839722844079
51,0.0,1.0,0.232204745401
52,0.0,1.0,0.70606185365
53,0.0,0.878479603,0.0433509121911
54,0.0,0.80251446,0.0549665033404
55,0.0,0.945098904,0.0489493448344
56,0.0,0.937500054,0.0817522954255
57,0.0,0.964877986,0.0481075051917
58,0.0,1.0,0.0516725573556
59,0.0,1.0,0.0248417865295
60,0.0,0.794117698,0.0278741890229
61,0.0,1.0,0.112468392251
62,0.0,1.0,0.0704394784135
63,0.0,0.745698496,0.0517361494063
64,0.0,1.0,0.0642008515209
65,0.0,0.833864473,0.0539107997017
66,0.0,0.676523005,0.0472378375199
67,0.0,0.752715469,0.15360017244
68,0.0,0.937500054,0.0511271673634
69,0.0,0.948341979,0.0817440786492
70,0.0,1.0,0.59228100733
71,0.0,1.0,0.0748013021605
72,0.0,1.0,0.000266595574513
73,0.0,0.736890701,0.032370199891
74,0.0,0.845545379,0.182529336201
75,0.0,1.0,0.106927627754
76,0.0,0.929902548,0.070795563108
77,0.0,1.0,0.0996623124212
78,0.0,1.0,0.0310414844338
79,0.142857143,0.857142857,0.392581026251
80,0.0,1.0,0.0325482554948
81,0.0,1.0,0.0235492757297
82,0.0,1.0,0.0791788856305
83,0.0,1.0,0.192541248119
84,0.0,1.0,0.0671456145945
85,0.0,0.534522536,0.00951243269342
86,0.0,0.846352625,0.0514530672458
87,0.0,1.0,0.347841938262
88,0.0,1.0,0.0988928861757
89,0.0357,1.0,0.590860901852
90,0.00865,0.870249239,0.346853515181
91,0.0,0.74461719,0.427092008041
92,0.0,0.842105263,0.0654606210746
93,0.0,0.80952381,0.0488891952613
94,0.0,1.0,0.433217808584
95,0.0,0.630370448,0.00329783803013
96,0.0,1.0,0.12013086285
97,0.0,1.0,0.0173012501951
98,0.0,0.8,0.0181818181818
99,0.0,0.96066186,0.519964939366
100,0.0,1.0,0.546392747748
101,0.0,1.0,0.0818253804372
102,0.00235,0.823154127,0.17109967494
103,0.0,1.0,0.264247967986
104,0.0,1.0,0.574998577947
105,0.00381,0.972938252,0.513321339362
106,0.0,1.0,0.253627452441
107,0.0,0.91561378,0.647138644131
108,0.0,1.0,0.045943304044
109,0.0,0.833333333,0.0269705856345
110,0.0,1.0,0.0333688794303
111,0.0,1.0,0.0183062294591
112,0.0,0.8,0.0243135163956
113,0.0,1.0,0.0131165022661
114,0.0,1.0,0.0168488403093
115,0.0,0.9,0.00567848573714
116,0.0,1.0,0.00766462276726
117,0.0,1.0,0.127947092698
118,0.0,0.922242628,0.0426796204242
119,0.0,1.0,0.0622379226038
120,0.0,1.0,0.0366798922922
121,0.0,1.0,0.0424754207825
122,0.0,0.984054397,0.0217212334247
123,0.0,0.999932181,0.0243915492575
124,0.0,0.999938906,0.0157154927081
125,0.0,0.999923697,0.0104072956545
126,0.0,0.921052632,0.201737532439
127,0.0,1.0,0.107482449164
128,0.0,1.0,0.0839796143005
129,0.0,1.0,0.0230528111986
130,0.0,0.861111111,0.109212094551
131,0.0,1.0,0.157042429284
132,0.0,0.833333333,0.019037758827
133,0.0,0.909090909,0.0248170427422
134,0.0,0.857142857,0.00251309746014
135,0.0,1.0,0.064550567065
136,0.0,0.777777778,0.139814567839
137,0.0,0.9375,0.0839942681951
138,0.0,1.0,0.00438535501626
139,0.0,0.714285714,0.111330291609
140,0.0,1.0,0.0222340709144
141,0.0,1.0,0.00849106904825
142,0.0,0.6875,0.119701412957
143,0.0,1.0,0.0558300269278
144,0.0,0.878787879,0.00352204503066
145,0.0,0.807692308,0.133403514966
146,0.0,0.952380952,0.149032369781
147,0.0,1.0,0.0231938149827
148,0.0,0.833333333,0.000982751266596
149,0.0,1.0,0.0264815217979
150,0.0,1.0,0.137073539646
151,0.0,1.0,0.062284986832
152,0.0,0.651515152,0.129684375079
153,0.0,1.0,0.0184135519363
154,0.0,1.0,0.00591674015116
155,0.0,0.764705882,0.0359070992965
156,0.0,0.714285714,0.0286780668283
157,0.0,1.0,0.0207238010552
158,0.0,1.0,0.0517273260392
159,0.0,0.451612903,0.0315285584066
160,0.0,1.0,0.0257695281296
161,0.0,0.75,0.0475039989336
162,0.0,0.75,0.103347098569
163,0.0,0.9,0.0195414556118
164,0.0,1.0,0.0208611037057
165,0.0,1.0,0.0358571047934
166,0.0,1.0,0.0291922154449
167,0.0,1.0,0.0760957632306
168,0.0,0.714285714,0.0362895380368
169,0.0,1.0,0.0247933884298
170,0.0,1.0,0.0165289256198
171,0.0,1.0,0.00159792115329
172,0.0,1.0,0.010192177413
173,0.0,0.885242297,0.0680349517195
174,0.0,0.95982379,0.0133014443439
175,0.0189,0.82157487,0.126169587998
176,0.0,1.0,0.00240770152359
177,0.000514,1.0,0.2084688527
178,0.00115,1.0,0.823949754677
179,0.0,1.0,0.00274440568835
180,0.0945,0.838126574,0.444873672596
181,0.354010439,1.0,0.692925789606
182,0.0,1.0,0.145412136868
183,0.0,1.0,0.974167095848
184,0.0,0.943387515,0.00274191634577
185,0.0,1.0,0.0462673801821
186,0.0628,1.0,0.0813912266606
187,0.0,1.0,0.818473999815
188,0.0,0.955795623,0.00260188116556
189,0.190761677,1.0,0.316691017205
190,0.0,1.0,0.63980095478
191,0.0,0.820906083,0.0207884884903
192,0.0,1.0,0.00609324200693
193,0.0,0.777031643,0.043995372875
194,0.0,1.0,0.281560659806
195,0.0,0.998498665,0.13347786972
196,0.0,1.0,0.478899541533
197,0.0,0.985416779,0.0281915172247
198,0.0,0.85245622,0.185732595484
199,0.0,1.0,0.265954814846
200,0.0,1.0,0.525619422514
201,0.257565449,1.0,0.53715322223
202,0.0,1.0,0.645607737541
203,0.0,0.976332943,0.175770670002
204,0.00399,1.0,0.490190667116
205,0.0324,1.0,0.784095574196
206,0.0,0.979965469,0.0164339058395
207,0.0,0.974643848,0.679579742749
208,0.141123584,0.995062883,0.643615459858
209,0.0,1.0,0.402149503016
210,0.0,1.0,0.913854244554
211,0.0,1.0,0.130839590216
212,0.0,0.993830681,0.137323008647
213,0.0,0.981662624,0.0247482109283
214,0.0,0.642110994,0.0500083770842
215,0.0,1.0,0.114171680224
216,0.0,1.0,0.103725524552
217,0.0,1.0,0.500381487952
218,0.0,0.994036474,0.426646899761
219,0.0,0.82555,0.19752769928
220,0.0,1.0,0.0218782774404
221,0.0,1.0,0.0517727293098
222,0.0,1.0,0.966881911786
223,0.0,0.969680272,0.114312901366
224,0.0,0.991928721,0.0324180917243
225,0.0,1.0,0.0126632897894
226,0.0,1.0,0.0243934950754
227,0.0,1.0,0.0149293521728
228,0.0,0.666666667,0.0211499155985
229,0.0,1.0,0.0243268461744
230,0.0,1.0,0.00386563583045
231,0.0,1.0,0.00613169821381
232,0.0,0.663127413,0.00495741241509
233,0.011,1.0,0.0169349879275
234,0.0,1.0,0.000948660168755
235,0.0,1.0,0.00209712356172
236,0.0,1.0,0.00534078219488
237,0.0,1.0,0.0186461752802
238,0.0,1.0,0.00104641587577
239,0.0,0.976767961,0.00361062580485
240,0.0,1.0,0.000787021218608
241,0.0,1.0,0.00234967308798
242,0.0,1.0,0.000500762433218
243,0.0,0.964268289,0.0026378648835
244,0.0,1.0,0.00159840222954
245,0.0,1.0,0.00292046458278
246,0.0,1.0,0.00491513103279
247,0.0,1.0,0.00254297160171
248,0.0,0.853854973,0.00968666500267
249,0.0,1.0,0.0140960460469
250,0.0,1.0,0.00648199808371
251,0.0,0.5,0.00373233804319
252,0.0,1.0,0.00519861370301
253,0.0,0.666666667,0.00373233804239
254,0.0,0.75,0.00333244468142
255,0.0,1.0,0.00299920021328
256,0.0,1.0,0.00246600906425
257,0.0,0.8,0.00213276459611
258,0.0,1.0,0.00653159157558
259,0.0,0.666666667,0.0045765573679
260,0.0,1.0,0.0063974851181
261,0.0,1.0,0.00439882697947
262,0.0,1.0,0.0033320181301
263,0.0,0.375,0.001882831245
264,0.0,1.0,0.00216608904292
265,0.0,1.0,0.00415127394775
266,0.0,1.0,0.00626499600107
267,0.0,1.0,0.00466542255399
268,0.0,1.0,0.00202140762463
269,0.0,0.625,0.00103305785124
270,0.0,1.0,0.0111970141296
271,0.0,1.0,0.00506531591576
272,0.0,1.0,0.00659824046921
273,0.0,0.75,0.00339909357505
274,0.0,1.0,0.00626499600107
275,0.0,1.0,0.00453212476673
276,0.0,1.0,0.00279925353239
277,0.0,1.0,0.00166622234071
278,0.0,0.5,0.00753132498001
279,0.0,0.666666667,0.00719808050786
280,0.0,1.0,0.00613169821381
281,0.0,1.0,0.00699813383098
282,0.0,1.0,0.0039456145028
283,0.0,1.0,0.0044654758731
284,0.0,0.333333333,0.00186616902266
285,0.0,0.5,0.00126632897894
286,0.0,1.0,0.00453212476673
287,0.0,1.0,0.00759797387363
288,0.0,1.0,0.00559850706478
289,0.0,0.6,0.00338576379632
290,0.0,0.75,0.00453212476673
291,0.0,1.0,0.00421221007731
292,0.0,1.0,0.0110637163423
293,0.0,0.666666667,0.00204389940603
294,0.0,1.0,0.00234604105572
295,0.0,1.0,0.00199946680885
296,0.0,1.0,0.00151077934711
297,0.0,1.0,0.00259930685151
298,0.0,1.0,0.00186611570221
299,0.0,1.0,0.00179947569501
300,0.0,1.0,0.00128842086537
301,0.0,1.0,0.00157733048974
302,0.0,0.25,0.000216608904292
303,0.0,0.833333333,0.000355460766196
304,0.0,1.0,0.00177730383045
305,0.0,1.0,0.00355460766089
306,0.0,1.0,0.00177730383045
307,0.0,0.5,0.000733137829912
308,0.0,1.0,0.00153292455345
309,0.0,1.0,0.0305918421754
310,0.0,0.888888889,0.0197576942293
311,0.0,1.0,0.0189282857905
312,0.0,1.0,0.0155158624367
313,0.0,0.692307692,0.0106632016156
314,0.0,1.0,0.013892591595
315,0.0,1.0,0.00673153825646
316,0.0,1.0,0.00413223140496
317,0.0,1.0,0.00786456944815
318,0.0,1.0,0.00768683907118
319,0.0,1.0,0.0044654758731
320,0.0,1.0,0.00289922687283
321,0.0,0.375,0.00189949346841
322,0.0,1.0,0.00137741046894
323,0.0,1.0,0.00271927486004
324,0.0,1.0,0.00127965875766
325,0.0,1.0,0.00706478273154
326,0.0,1.0,0.0126632897894
327,0.0,1.0,0.0131964809384
328,0.0,1.0,0.00439882697947
329,0.0,1.0,0.00357238069848
330,0.0,1.0,0.00319914689416
331,0.0,1.0,0.00337687727486
332,0.0,1.0,0.00391006842655
333,0.0,1.0,0.000853150271394
334,0.0,1.0,0.0201612903226
335,0.0,1.0,0.0186604413319
336,0.0,1.0,0.02635963743
337,0.0,1.0,0.0162860619064
338,0.0,1.0,0.0153180751901
339,0.0,1.0,0.00934936460544
340,0.0,1.0,0.00846390296481
341,0.0,1.0,0.00821114369501
342,0.0,1.0,0.00783124500133
343,0.0,0.846153846,0.00334257531538
344,0.0,0.75,0.00255471429992
345,0.0,1.0,0.00279925353239
346,0.0,1.0,0.0116413400786
347,0.0,0.5,0.00376566249
348,0.0,1.0,0.00929752066116
349,0.0,1.0,0.00677152759264
350,0.0,0.666666667,0.00415946858491
351,0.0,1.0,0.0070499718563
352,0.0,1.0,0.00344333955425
353,0.0,1.0,0.00221274326846
354,0.0,1.0,0.00157291388963
355,0.0,1.0,0.00226606238336
356,0.0,0.583333333,0.0012440771349
357,0.0,0.777777778,0.00148108652439
358,0.0,1.0,0.00137741046788
359,0.0,0.666666667,0.0223495956748
360,0.0,1.0,0.0214609437483
361,0.0,1.0,0.0225273260464
362,0.0,0.5,0.00936416955479
363,0.0,1.0,0.00955300809571
364,0.0,1.0,0.0133964276193
365,0.0,1.0,0.0110637163423
366,0.0,1.0,0.00559850706478
367,0.0,1.0,0.00306584910824
368,0.0,1.0,0.00286590242602
369,0.0,1.0,0.0030214165116
370,0.0,1.0,0.00193281791522
371,0.0,0.5,0.00113303119168
372,0.0,0.545454545,0.000605930539589
373,0.0,1.0,0.0628165822447
374,0.0,0.5,0.00908642139803
375,0.0,1.0,0.0176675965319
376,0.0,1.0,0.0254598773711
377,0.0,1.0,0.0149626766196
378,0.0,1.0,0.00750492176886
379,0.0,1.0,0.0058947243647
380,0.0,1.0,0.0056318315116
381,0.0,1.0,0.00666488936284
382,0.0,1.0,0.00506531591576
383,0.0,1.0,0.00256598240469
384,0.0,1.0,0.00205659443188
385,0.0,1.0,0.00163289789389
386,0.0,1.0,0.0289256198347
387,0.0,1.0,0.0129743179531
388,0.0,1.0,0.0138962943215
389,0.0,1.0,0.0329245534524
390,0.0,0.833333333,0.018617257634
391,0.0,1.0,0.0155625166622
392,0.0,1.0,0.0117682903703
393,0.0,1.0,0.00669821380965
394,0.0,1.0,0.00659824046921
395,0.0,1.0,0.0079978672354
396,0.0,1.0,0.0017449286257
397,0.0,1.0,0.00198465594215
398,0.0,1.0,0.00243268461744
399,0.0,1.0,0.000816204063716
400,0.0,1.0,0.00686483604372
401,0.0,0.666666667,0.0013329778723
402,0.0,1.0,0.00155514085151
403,0.0,1.0,0.00239936016929
404,0.0,0.25,0.000644254866169
405,0.0,1.0,0.000933084510531
406,0.0,0.666666667,0.00239936017035
407,0.0,1.0,0.00386563583045
408,0.0,1.0,0.00179952012797
409,0.0,1.0,0.00359904025593
410,0.0,1.0,0.00373233804319
411,0.0,0.5,0.00279925353239
412,0.0,1.0,0.00286590242602
413,0.0,1.0,0.0026659557438
414,0.0,0.5,0.00159957344708
415,0.0,1.0,0.050584181964
416,0.0,1.0,0.0370204078912
417,0.0,0.625,0.0303026926166
418,0.0,0.8,0.0260063982938
419,0.0,1.0,0.0231065967555
420,0.0,1.0,0.0152492668622
421,0.0,1.0,0.00938027192722
422,0.0,1.0,0.00637474370435
423,0.0,1.0,0.00555590790189
424,0.0,1.0,0.00385836759504
425,0.0,1.0,0.000666488936284
426,0.0,1.0,0.0311583577713
427,0.0,1.0,0.0140629165556
428,0.0,1.0,0.0208833200165
429,0.0,1.0,0.0205722918411
430,0.0,0.833333333,0.0174175775495
431,0.0,1.0,0.0154181107334
432,0.0,1.0,0.00688276581072
433,0.0,1.0,0.00636496934151
434,0.0,0.714285714,0.00517957116556
435,0.0,1.0,0.00650493201813
436,0.0,1.0,0.00639829378832
437,0.0,0.5,0.00146627565982
438,0.0,1.0,0.00266595574513
439,0.0,1.0,0.00209944014929
440,0.0,1.0,0.0251266328979
441,0.0,1.0,0.0312769928019
442,0.0,1.0,0.0164387896566
443,0.0,1.0,0.0194653943335
444,0.0,0.789473684,0.0184673462522
445,0.0,1.0,0.0259664178355
446,0.0,1.0,0.0180478723572
447,0.0,0.8,0.0152491513332
448,0.0,0.956521739,0.00600500735697
449,0.0,0.875,0.0299753399094
450,0.0,1.0,0.00222162978592
451,0.0,0.833333333,0.0105573980237
452,0.0,1.0,0.0133201059419
453,0.0,0.8125,0.0119235937083
454,0.0,1.0,0.00545622657478
455,0.0,1.0,0.00581339071528
456,0.0,0.793103448,0.00407286792455
457,0.0,0.523809524,0.028468502366
458,0.0,0.95,0.0560917088776
459,0.0,1.0,0.054503984077
460,0.0,1.0,0.0350723159661
461,0.0,1.0,0.0222582156012
462,0.0,0.666666667,0.0136693414983
463,0.0,0.666666667,0.0104629165628
464,0.0,1.0,0.0068168107582
465,0.0,0.705882353,0.00301072341642
466,0.0,0.363636364,0.00227856571661
467,0.0,0.3,0.00119968008531
468,0.0,1.0,0.00184704269395
469,0.0,1.0,0.0540508042773
470,0.0,0.583333333,0.0246734026497
471,0.0,1.0,0.022128818984
472,0.0,0.923076923,0.0410330025097
473,0.0,1.0,0.0261276548518
474,0.0,1.0,0.0224452461138
475,0.0,1.0,0.0132079978683
476,0.0,0.962962963,0.00983398599387
477,0.0,0.928571429,0.00698734052039
478,0.0,1.0,0.00328091059691
479,0.0,0.766666667,0.0692527859051
480,0.0,1.0,0.017395361237
481,0.0,1.0,0.0129632098107
482,0.0,0.833333333,0.0115293788411
483,0.0,1.0,0.00173287123434
484,0.0,0.25,0.000766462276726
485,0.0,0.714285714,0.000914041970141
486,0.0,1.0,0.000966337865636
487,0.0,1.0,0.000799831156225
488,0.0,1.0,0.000799786723274
489,0.0,1.0,0.000844219319648
490,0.0,1.0,0.000764249533191
491,0.0,1.0,0.00378565715809
492,0.0,1.0,0.00933018067662
493,0.0,1.0,0.0108119316252
494,0.0,0.625,0.00763129832045
495,0.0,0.75,0.0103639029592
496,0.0,1.0,0.0070114636097
497,0.0,0.8,0.00450546520928
498,0.0,1.0,0.00623167155425
499,0.0,1.0,0.0046987470008
500,0.0,1.0,0.00279925353239
501,0.0,0.875,0.00213276459611
502,0.0,1.0,0.00133297787257
503,0.0,0.428571429,0.00049502608851
504,0.0,1.0,0.0701276537547
505,0.0,0.873015873,0.0742881204154
506,0.0,1.0,0.0049320181285
507,0.0,1.0,0.00319914689416
508,0.0,1.0,0.00186616902159
509,0.0,1.0,0.00391006842602
510,0.0,1.0,0.00204389940443
511,0.0,0.5,0.00239936017062
512,0.0,1.0,0.0878729938896
513,0.0,1.0,0.0338737492279
514,0.0,1.0,0.0482273704969
515,0.0,1.0,0.0246665822447
516,0.0,1.0,0.0231249000267
517,0.0,1.0,0.0173776464127
518,0.0,0.909090909,0.0138647245577
519,0.0,1.0,0.00899271224447
520,0.0,0.857142857,0.00855534650813
521,0.0,1.0,0.00593175153292
522,0.0,1.0,0.00324633431165
523,0.0,1.0,0.00719808051186
524,0.0,0.875,0.0157291388963
525,0.0,1.0,0.0108637696614
526,0.0,1.0,0.00853056962783
527,0.0,1.0,0.00392525844921
528,0.0,1.0,0.00354360615036
529,0.0,0.8125,0.00363236470275
530,0.0,0.466666667,0.00207962321114
531,0.0,1.0,0.00426551465263
532,0.0,1.0,0.00489564722261
533,0.0,1.0,0.00159962084138
534,0.0,0.75,0.0146960810451
535,0.0,1.0,0.0098640362634
536,0.0,1.0,0.00952988536897
537,0.0,0.857142857,0.0103972274138
538,0.0,0.833333333,0.0051536212586
539,0.0,0.727272727,0.00516214343055
540,0.0,1.0,0.00119968008558
541,0.0,1.0,0.00135515862437
542,0.0,0.928571429,0.0123377689797
543,0.0,1.0,0.00499866702213
544,0.0,0.875,0.0084644094908
545,0.0,1.0,0.012015489193
546,0.0,0.882352941,0.00782489375633
547,0.0,1.0,0.00884764062917
548,0.0,1.0,0.0111964987142
549,0.0,0.9375,0.00533191149027
550,0.0,1.0,0.00363243579472
551,0.0,0.888888889,0.00319950235431
552,0.0,0.875,0.00196614236204
553,0.0,1.0,0.00194210051853
554,0.0,0.714285714,0.011024244964
555,0.0,1.0,0.0067972007486
556,0.0,0.6,0.006327094996
557,0.0,0.772727273,0.0088592545012
558,0.0,1.0,0.00964199769128
559,0.0,0.9,0.00990402559318
560,0.0,1.0,0.00681357859957
561,0.0,1.0,0.0051679572602
562,0.0,0.931034483,0.00411909008025
563,0.0,0.944444444,0.00444355579232
564,0.0,1.0,0.00305922230205
565,0.0,1.0,0.00203270239083
566,0.0,1.0,0.00158746758464
567,0.0,0.909502262,0.000948048990403
568,0.0,1.0,0.0127965875766
569,0.0,1.0,0.00873100506532
570,0.0,1.0,0.00166622234071
571,0.0,0.25,0.000433217808584
572,0.0,1.0,0.00115524748947
573,0.0,1.0,0.00177730383071
574,0.0,1.0,0.00235492757505
575,0.0,1.0,0.00102194970248
576,0.0,1.0,0.00324357949027
577,0.0,1.0,0.00288811872434
578,0.0,0.5,0.00161623567049
579,0.0,1.0,0.00553185817115
580,0.0,0.833333333,0.00266595574593
581,0.0,1.0,0.000688705234604
582,0.0,1.0,0.0152351970453
583,0.0,1.0,0.0260133225537
584,0.0,1.0,0.0198169377137
585,0.0,1.0,0.0154329215782
586,0.0,1.0,0.0155187721405
587,0.0,1.0,0.00483243485977
588,0.0,1.0,0.00512114102986
589,0.0,1.0,0.00408459234497
590,0.0,0.9375,0.00538189816049
591,0.0,0.842105263,0.00311458839216
592,0.0,1.0,0.00419476583924
593,0.0,1.0,0.0020883231141
594,0.0,1.0,0.00447880565183
595,0.0,0.9,0.0472140762463
596,0.0,1.0,0.0312297673303
597,0.0,1.0,0.0421221007731
598,0.0,1.0,0.0369234870701
599,0.0,1.0,0.0102639296188
600,0.0,0.5,0.00639829378832
601,0.0,1.0,0.0039989336153
602,0.0,0.5,0.00319914689416
603,0.0,0.75,0.00153292455345
604,0.0,0.666666667,0.00328801208398
605,0.0,0.272727273,0.000799769758998
606,0.0,1.0,0.00192541248094
607,0.0,0.928571429,0.0535418593258
608,0.0,1.0,0.0390118190365
609,0.0,0.75,0.0264929352173
610,0.0,1.0,0.026748422663
611,0.0,0.5,0.0121499955654
612,0.0,1.0,0.0145961077046
613,0.0,0.875,0.0096307651293
614,0.0,1.0,0.00559850706905
615,0.0,0.5,0.00293255131965
616,0.0,0.5,0.00386563583045
617,0.0,0.666666667,0.00279925353319
618,0.0,1.0,0.00259930685151
619,0.0,1.0,0.00213276459611
620,0.0,0.833333333,0.00311028170275
621,0.0,0.523809524,0.0194442624788
622,0.0,0.631578947,0.042763922639
623,0.0,1.0,0.0477872567315
624,0.0,1.0,0.0458544388163
625,0.0,0.764705882,0.015977907077
626,0.0,0.7,0.0187416688883
627,0.0,0.666666667,0.00977681506345
628,0.0,0.5,0.00706400071688
629,0.0,1.0,0.00663156491602
630,0.0,0.235294118,0.00155237034977
631,0.0,0.181818182,0.00122434744708
632,0.0,0.2,0.000466542255399
633,0.0,0.285714286,0.000742590547854
634,0.0,0.375,0.000799933351106
635,0.0,1.0,0.0163511952314
636,0.0,1.0,0.00648715897974
637,0.0,0.666666667,0.00159957344708
638,0.0,1.0,0.00102194970221
639,0.0,1.0,0.000888651915223
640,0.0,1.0,0.0035323913623
641,0.0,0.75,0.00166622234071
642,0.0,1.0,0.00193281791522
643,0.0,0.6,0.00426552919222
644,0.0,1.0,0.00648715897894
645,0.0,1.0,0.00257709055239
646,0.0,1.0,0.00231049497894
647,0.0,1.0,0.000666488936284
648,0.0,1.0,0.00133297787283
649,0.0,1.0,0.0141945703434
650,0.0,1.0,0.00413223140496
651,0.0,1.0,0.00439882698107
652,0.0,1.0,0.00779792055452
653,0.0,1.0,0.00370962410184
654,0.0,0.5,0.00426552919222
655,0.0,1.0,0.00213276459611
656,0.0,0.5,0.00179952012797
657,0.0,1.0,0.00246600906425
658,0.0,1.0,0.00159957344708
659,0.0,0.75,0.173164640556
660,0.0,1.0,0.0677674296065
661,0.0,1.0,0.0595139574977
662,0.0,1.0,0.0392402753204
663,0.0,0.846153846,0.0188572606273
664,0.0,0.666666667,0.012144832482
665,0.0,0.378378378,0.00579413417355
666,0.0,0.333333333,0.00445910423807
667,0.0,0.56,0.00450013329779
668,0.0,0.875,0.0049320181285
669,0.0,0.714285714,0.00371321933404
670,0.0,1.0,0.00373233804319
671,0.0,0.5,0.00123300453212
672,0.0,0.857142857,0.0559031115697
673,0.0,1.0,0.0470096863399
674,0.0,1.0,0.0270061316982
675,0.0,1.0,0.019361503599
676,0.0,1.0,0.013803726401
677,0.0,0.571428571,0.011844460534
678,0.0,0.666666667,0.00758316300187
679,0.0,1.0,0.00603172487337
680,0.0,1.0,0.00299920021328
681,0.0,0.666666667,0.00333244468195
682,0.0,1.0,0.00339909357505
683,0.0,1.0,0.00156624900027
684,0.0,1.0,0.00142184306425
685,0.0,1.0,0.0330578512397
686,0.0,1.0,0.0238454930317
687,0.0,0.5,0.0189700257806
688,0.0,1.0,0.0194022334601
689,0.0,1.0,0.0146960810451
690,0.0,0.888888889,0.0073758108883
691,0.0,1.0,0.00648715897414
692,0.0,1.0,0.0107171420954
693,0.0,0.888888889,0.00450250303252
694,0.0,1.0,0.00453212477126
695,0.0,1.0,0.00341242335377
696,0.0,0.818181818,0.00167223770701
697,0.0,1.0,0.0373500399893
698,0.0,1.0,0.0113434550808
699,0.0,1.0,0.0324180218608
700,0.0,1.0,0.018018803879
701,0.0,1.0,0.0212231049395
702,0.0,1.0,0.00884257531485
703,0.0,1.0,0.00780513802426
704,0.0,0.913043478,0.00585504734711
705,0.0,1.0,0.00641495601173
706,0.0,1.0,0.00258856305065
707,0.0,1.0,0.00251125735031
708,0.0,1.0,0.00201719541296
709,0.0,0.666666667,0.0124411267998
710,0.0,1.0,0.0143428419088
711,0.0,0.555555556,0.0109896620069
712,0.0,0.666666667,0.00894576260464
713,0.0,1.0,0.00201427767262
714,0.0,1.0,0.00373233804212
715,0.0,1.0,0.0017328712338
716,0.0,0.666666667,0.00275482093602
717,0.0,1.0,0.00286590242602
718,0.0,1.0,0.00279925353239
719,0.0,1.0,0.00273260463876
720,0.0,0.333333333,0.000577623744868
721,0.0,0.666666667,0.000488758553719
722,0.0,0.75,0.00239936017062
723,0.0,1.0,0.00151070825646
724,0.0,1.0,0.00328801208664
725,0.0,1.0,0.0022660623839
726,0.0,1.0,0.00257709055345
727,0.0,1.0,0.00226606238336
728,0.0,1.0,0.00941971030259
729,0.0,0.625,0.00673153825646
730,0.0,1.0,0.010397227406
731,0.0,1.0,0.00773127166089
732,0.0,1.0,0.00639829378832
733,0.0,1.0,0.0049320181285
734,0.0,0.666666667,0.00311028170381
735,0.0,1.0,0.00559850706478
736,0.0,1.0,0.00275482093495
737,0.0,0.25,0.000466542255399
738,0.0,1.0,0.00103305785124
739,0.0,0.977272727,0.0733912799008
740,0.0,0.952380952,0.0428062916561
741,0.0,0.869565217,0.0304965910544
742,0.0,0.955555556,0.0123970230131
743,0.0,0.977272727,0.00369625796668
744,0.0,1.0,0.00233271127699
745,0.0,1.0,0.00439882697947
746,0.0,1.0,0.0039989336177
747,0.0,1.0,0.0569514796054
748,0.0,1.0,0.0354072247401
749,0.0,1.0,0.0193446471442
750,0.0,1.0,0.0397227406025
751,0.0,1.0,0.0245050234295
752,0.0,1.0,0.0243322435364
753,0.0,1.0,0.0139437996094
754,0.0,1.0,0.00848107171421
755,0.0,0.923076923,0.00695140168115
756,0.0,1.0,0.0059671841381
757,0.0,1.0,0.00465475668275
758,0.0,0.916666667,0.00335426997387
759,0.0,0.882352941,0.00211696332098
760,0.0,1.0,0.00288799431325
761,0.0,1.0,0.00533191149027
762,0.0,1.0,0.0380048165137
763,0.0,0.958333333,0.0160524926718
764,0.0,1.0,0.0177744868049
765,0.0,0.447368421,0.0107098177326
766,0.0,1.0,0.0194729227827
767,0.0,0.846153846,0.0206291348043
768,0.0,0.8,0.00922399359771
769,0.0,0.5,0.00709237155985
770,0.0,0.484848485,0.00400683130845
771,0.0,0.484848485,0.00346561240203
772,0.0,0.47826087,0.00278242323647
773,0.0,0.444444444,0.00202403210877
774,0.0,0.743589744,0.00159929400053
775,0.0,1.0,0.00955300808211
776,0.0,1.0,0.0127965875766
777,0.0,1.0,0.013507509112
778,0.0,0.666666667,0.00450968630845
779,0.0,0.75,0.00156624900027
780,0.0,1.0,0.00131804889656
781,0.0,1.0,0.000833111170355
782,0.0,1.0,0.0013329778731
783,0.0,0.5,0.000699813383098
784,0.0,1.0,0.000562812879232
785,0.0,1.0,0.00119968008584
786,0.0,0.8,0.00119087354439
787,0.0,1.0,0.00119968008584
788,0.0,1.0,0.000799786723807
789,0.0,1.0,0.000888651914956
790,0.0,1.0,0.00386563583045
791,0.0,1.0,0.0143072958366
792,0.0,1.0,0.00787938030792
793,0.0,1.0,0.00930418555052
794,0.0,0.625,0.00723140495868
795,0.0,1.0,0.00509197547321
796,0.0,0.3,0.00269261530259
797,0.0,1.0,0.00363236470275
798,0.0,1.0,0.00283257797921
799,0.0,0.666666667,0.00173287123434
800,0.0,0.5,0.00123300453212
801,0.0,0.142857143,0.000190364474274
802,0.0,0.825,0.051652892562
803,0.0,0.517857143,0.00362590547241
804,0.0,1.0,0.00373233804319
805,0.0,1.0,0.00239936017009
806,0.0,1.0,0.0642017636729
807,0.0,1.0,0.0662490002666
808,0.0,0.75,0.0349428330368
809,0.0,1.0,0.0184635919358
810,0.0,1.0,0.0187762901962
811,0.0,1.0,0.0227168843935
812,0.0,0.916666667,0.0304339287411
813,0.0,1.0,0.0109473295977
814,0.0,1.0,0.0152683017801
815,0.0,1.0,0.00914756065049
816,0.0,0.80952381,0.00572448235857
817,0.0,0.65,0.00334577446014
818,0.0,1.0,0.00319960899227
819,0.0,1.0,0.00361570247934
820,0.0,1.0,0.000592446458544
821,0.0,1.0,0.000755354127966
822,0.0,1.0,0.000666488936284
823,0.0,0.166666667,4.44325958411e-05
824,0.0,1.0,0.000888651914956
825,0.0,1.0,0.0015107082554
826,0.0,1.0,0.00039989336177
827,0.0,1.0,0.00106638229805
828,0.0,1.0,0.000933084510797
829,0.0,1.0,0.00199946680885
830,0.0,1.0,0.000755354127966
831,0.0,1.0,0.000933084510797
832,0.0,1.0,0.00346574246947
833,0.0,1.0,0.00297698391629
834,0.0,1.0,0.00439882697947
835,0.0,1.0,0.00286590242602
836,0.0,1.0,0.00222162978699
837,0.0,1.0,0.00239936017062
838,0.0,1.0,0.00155514085124
839,0.0,1.0,0.00102194970195
840,0.0,1.0,0.000444325957611
841,0.0,1.0,0.0303474628987
842,0.0,1.0,0.0441211232802
843,0.0,1.0,0.0281243224178
844,0.0,1.0,0.0289256198347
845,0.0,1.0,0.0124233537723
846,0.0,1.0,0.0114191771154
847,0.0,1.0,0.0013996267662
848,0.0,1.0,0.00639829378832
849,0.0,0.888888889,0.00465061168782
850,0.0,1.0,0.0039456145028
851,0.0,0.75,0.00249933351106
852,0.0,1.0,0.00186616902159
853,0.0,1.0,0.00153292455345
854,0.0,1.0,0.00106638229805
855,0.0,1.0,0.00300524466436
856,0.0,1.0,0.000689993256732
857,0.0,1.0,0.000613098729139
858,0.0,1.0,0.000266595574513
859,0.0,1.0,0.00079978672354
860,0.0,1.0,0.000717757316449
861,0.0,1.0,0.000844219319115
862,0.0,1.0,0.000622056340176
863,0.0,1.0,0.00360397227539
864,0.0,1.0,0.00359240837323
865,0.0,1.0,0.00321469098454
866,0.0,1.0,0.00369123721114
867,0.0,1.0,0.00437216742202
868,0.0,0.833333333,0.00266592019915
869,0.0,0.583333333,0.001532889008
870,0.0,1.0,0.00213276459611
871,0.0,1.0,0.00117302052786
872,0.0,0.75,0.00113303119168
873,0.0,1.0,0.000985590105305
874,0.0,1.0,0.00115524748947
875,0.0,0.75,0.00213276459611
876,0.0,1.0,0.00337687727886
877,0.0,1.0,0.00259930685151
878,0.0,1.0,0.00155514085231
879,0.0,1.0,0.00213276459611
880,0.0,1.0,0.0068426197502
881,0.0,0.777777778,0.00487363962063
882,0.0,0.733333333,0.00369633875287
883,0.0,0.923076923,0.00200997477579
884,0.0,1.0,0.00229938683018
885,0.0,1.0,0.00209944014929
886,0.0,1.0,0.00155502532658
887,0.0,1.0,0.00153292455345
888,0.0,1.0,0.000333244468142
889,0.0,0.846153846,0.0117267272287
890,0.0,1.0,0.0121728680965
891,0.0,0.85,0.0151426286324
892,0.0,1.0,0.00935761130099
893,0.0,1.0,0.0103805651826
894,0.0,1.0,0.00633164489469
895,0.0,1.0,0.00496534257531
896,0.0,0.888888889,0.00361414733778
897,0.0,1.0,0.00458544388163
898,0.0,0.428571429,0.00188509730845
899,0.0,1.0,0.0021561842338
900,0.0,1.0,0.00666488936284
901,0.0,1.0,0.00826446280992
902,0.0,1.0,0.00716475606505
903,0.0,1.0,0.00859770727806
904,0.0,1.0,0.00713143161824
905,0.0,1.0,0.00509864036257
906,0.0,1.0,0.00679818715009
907,0.0,1.0,0.00336576912823
908,0.0,1.0,0.00253265795788
909,0.0,0.5,0.000966408957611
910,0.0,1.0,0.00119968008531
911,0.0,0.978494624,0.163132096684
912,0.0,1.0,0.00915218579872
913,0.0,0.744444444,0.00387487188696
914,0.0,1.0,0.00719808051186
915,0.0,1.0,0.00773127166089
916,0.0,1.0,0.00631831511597
917,0.0,1.0,0.00594127280725
918,0.0,1.0,0.00563659214983
919,0.0,1.0,0.00497645072434
920,0.0,1.0,0.00388467837377
921,0.0,1.0,0.002443792767
922,0.0,1.0,0.00266595574513
923,0.0,0.75,0.00173287123434
924,0.0,1.0,0.000977517106905
925,0.0,1.0,0.0559061337249
926,0.0,0.85,0.0516062383364
927,0.0,1.0,0.0804757764359
928,0.0,1.0,0.0110010993887
929,0.0,1.0,0.0052186083711
930,0.0,1.0,0.00199946680885
931,0.0,1.0,0.00186616902159
932,0.0,1.0,0.0156624900027
933,0.0,1.0,0.029566728883
934,0.0,1.0,0.026792855257
935,0.0,1.0,0.019439463763
936,0.0,1.0,0.0212276726206
937,0.0,1.0,0.01642228739
938,0.0,1.0,0.00992448168168
939,0.0,1.0,0.0105157143196
940,0.0,1.0,0.00596507597974
941,0.0,1.0,0.00679818715009
942,0.0,1.0,0.0059717408691
943,0.0,1.0,0.00356571580912
944,0.0,1.0,0.00252227508718
945,0.0,1.0,0.00359904025726
946,0.0,1.0,0.00170631831458
947,0.0,1.0,0.0733121000379
948,0.0,0.916666667,0.00371752717755
949,0.0,0.875,0.144028259131
950,0.0,1.0,0.0926209658392
951,0.0,0.955555556,0.147178657517
952,0.0,1.0,0.259930685151
953,0.0,1.0,0.189816049054
954,0.0,1.0,0.331111703546
955,0.0,1.0,0.287923220475
956,0.0,1.0,0.371101039723
957,0.0,1.0,0.168754998667
958,0.0,1.0,0.294321514263
959,0.0,1.0,0.210343908291
960,0.0,1.0,0.439349506798
961,0.0,1.0,0.628898960277
962,0.0,1.0,0.410823780325
963,0.0,1.0,0.311650226606
964,0.0,1.0,0.406025059984
965,0.0,1.0,0.851239669421
966,0.0,1.0,0.298320447881
967,0.0,1.0,0.422020794455
968,0.0,1.0,0.426819514796
969,0.0,1.0,0.77552652626
970,0.0,1.0,0.375899760064
971,0.0,1.0,0.113836310317
972,0.0,1.0,0.538789656092
973,0.0,1.0,0.335643828312
974,0.0,1.0,0.630498533724
975,0.0,1.0,0.379098906958
976,0.0,1.0,0.277792588643
977,0.0,1.0,0.412423353772
978,0.0,1.0,0.359637430019
979,0.0,1.0,0.633964276193
980,0.0,1.0,0.892828579046
981,0.0,1.0,0.653958944282
982,0.0,1.0,0.177286057051
983,0.0,1.0,0.258597707278
984,0.0,1.0,0.159957344708
985,0.0,1.0,0.19434817382
986,0.0,1.0,0.369234870701
987,0.0,1.0,0.193281791522
988,0.0,1.0,0.286323647027
989,0.0,1.0,0.575046654226
990,0.0,1.0,0.513729672087
991,0.0,1.0,0.206878165822
992,0.0,1.0,0.450813116502
993,0.0,1.0,0.43588376433
994,0.0,1.0,0.166888829645
995,0.0,1.0,0.389496134364
996,0.0,1.0,0.480138629699
997,0.0,1.0,0.3012529992
998,0.0,1.0,0.597707278059
999,0.0,1.0,0.27939216209
1000,0.0,1.0,0.414289522794
1001,0.0,1.0,0.815515862437
1002,0.0,1.0,0.338309784058
1003,0.0,1.0,0.291388962943
1004,0.0,1.0,0.551586243668
1005,0.0,1.0,0.640095974407
1006,0.0,1.0,0.234870701146
1007,0.0,1.0,0.23273793655
1008,0.0,1.0,0.273260463876
1009,0.0,1.0,0.264729405492
1010,0.0,1.0,0.281524926686
1011,0.0,1.0,0.262596640896
1012,0.0,1.0,0.322580645161
1013,0.0,1.0,0.170887763263
1014,0.0,1.0,0.221540922421
1015,0.0,1.0,0.369234870701
1016,0.0,1.0,0.659824046921
1017,0.0,1.0,0.276726206345
1018,0.0,1.0,0.488403092509
1019,0.0,1.0,0.241802186084
1020,0.0,1.0,0.291122367369
1021,0.0,1.0,0.334577446014
1022,0.0,1.0,0.631831511597
1023,0.0,1.0,0.190882431352
1024,0.0,1.0,0.367901892829
1025,0.0,1.0,0.132764596108
1026,0.0,1.0,0.332178085844
1027,0.0,1.0,0.363103172487
1028,0.0,1.0,0.24100239936
1029,0.0,1.0,0.302052785924
1030,0.0,1.0,0.247667288723
1031,0.0,1.0,0.806185017329
1032,0.0,1.0,0.48200479872
1033,0.0,1.0,0.290322580645
1034,0.0,1.0,0.697147427353
1035,0.0,1.0,0.140229272194
1036,0.0,1.0,0.528125833111
1037,0.0,1.0,0.32311383631
1038,0.0,1.0,0.319648093842
1039,0.0,1.0,0.42175419888
1040,0.0,1.0,0.29885363903
1041,0.0,1.0,0.332444681418
1042,0.0,1.0,0.296987470008
1043,0.0,1.0,0.154358837643
1044,0.0,1.0,0.537456678219
1045,0.0,1.0,0.220207944548
1046,0.0,1.0,0.267661956812
1047,0.0,1.0,0.336710210611
1048,0.0,1.0,0.267128765662
1049,0.0,1.0,0.220474540123
1050,0.0,1.0,0.433484404159
1051,0.0,1.0,0.62490002666
1052,0.0,1.0,0.349506798187
1053,0.0,1.0,0.126366302319
1054,0.0,1.0,0.204212210077
1055,0.0,1.0,0.222873900293
1056,0.0,1.0,0.456411623567
1057,0.0,1.0,0.664889362837
1058,0.0,1.0,0.238069848041
1059,0.0,1.0,0.377765929086
1060,0.0,1.0,0.241802186084
1061,0.0,1.0,0.25219941349
1062,0.0,1.0,0.438549720075
1063,0.0,1.0,0.303918954945
1064,0.0,1.0,0.281524926686
1065,0.0,1.0,0.158357771261
1066,0.0,1.0,0.328712343375
1067,0.0,1.0,0.332711276993
1068,0.0,1.0,0.18368435084
1069,0.0,1.0,0.338309784058
1070,0.0,1.0,0.217275393228
1071,0.0,1.0,0.173553719008
1072,0.0,1.0,0.351906158358
1073,0.0,1.0,0.351639562783
1074,0.0,1.0,0.185817115436
1075,0.0,1.0,0.647560650493
1076,0.0,1.0,0.433750999733
1077,0.0,1.0,0.700879765396
1078,0.0,1.0,0.478005865103
1079,0.0,1.0,0.115435883764
1080,0.0,1.0,0.258331111704
1081,0.0,1.0,0.0791788856305
1082,0.0,1.0,0.146094374833
1083,0.0,1.0,0.365769128232
1084,0.0,1.0,0.235937083444
1085,0.0,1.0,0.0514529458811
1086,0.0,1.0,0.197014129565
1087,0.0,1.0,0.226339642762
1088,0.0,1.0,0.352972540656
1089,0.0,1.0,0.359370834444
1090,0.0,1.0,0.36443615036
1091,0.0,1.0,0.238869634764
1092,0.0,1.0,0.128232471341
1093,0.0,1.0,0.209277525993
1094,0.0,1.0,0.360970407891
1095,0.0,1.0,0.203679018928
1096,0.0,1.0,0.513196480938
1097,0.0,1.0,0.175153292455
1098,0.0,1.0,0.190082644628
1099,0.0,1.0,0.194614769395
1100,0.0,1.0,0.322047454012
1101,0.0,1.0,0.242601972807
1102,0.0,1.0,0.12876566249
1103,0.0,1.0,0.147960543855
1104,0.0,1.0,0.125299920021
1105,0.0,1.0,0.139429485471
1106,0.0,1.0,0.270594508131
1107,0.0,1.0,0.277525993069
1108,0.0,1.0,0.214076246334
1109,0.0,1.0,0.563049853372
1110,0.0,1.0,0.146360970408
1111,0.0,1.0,0.204745401226
1112,0.0,1.0,0.14529458811
1113,0.0,1.0,0.185550519861
1114,0.0,1.0,0.125299920021
1115,0.0,1.0,0.151692881898
1116,0.0,1.0,0.310050653159
1117,0.0,1.0,0.317515329246
1118,0.0,1.0,0.463609704079
1119,0.0,1.0,0.195681151693
1120,0.0,1.0,0.233271127699
1121,0.0,1.0,0.358571047721
1122,0.0,1.0,0.0925086643562
1123,0.0,1.0,0.148493735004
1124,0.0,1.0,0.169554785391
1125,0.0,1.0,0.448680351906
1126,0.0,1.0,0.166355638496
1127,0.0,1.0,0.144761396961
1128,0.0,1.0,0.543854972007
1129,0.0,1.0,0.0778459077579
1130,0.0,1.0,0.263396427619
1131,0.0,1.0,0.213009864036
1132,0.0,1.0,0.0895761130365
1133,0.0,1.0,0.440949080245
1134,0.0,1.0,0.145561183684
1135,0.0,1.0,0.104772060784
1136,0.0,1.0,0.159957344708
1137,0.0,1.0,0.116502266062
1138,0.0,1.0,0.180485203946
1139,0.0,1.0,0.126366302319
1140,0.0,1.0,0.304718741669
1141,0.0,1.0,0.213276459611
1142,0.0,1.0,0.220207944548
1143,0.0,1.0,0.396960810451
1144,0.0,1.0,0.338043188483
1145,0.0,1.0,0.205278592375
1146,0.0,1.0,0.139429485471
1147,0.0,1.0,0.233537723274
1148,0.0,1.0,0.123966942149
1149,0.0,1.0,0.445481205012
1150,0.0,1.0,0.295121300986
1151,0.0,1.0,0.25219941349
1152,0.0,1.0,0.274326846174
1153,0.0,1.0,0.162090109304
1154,0.0,1.0,0.134364169555
1155,0.0,1.0,0.234870701146
1156,0.0,1.0,0.184484137563
1157,0.0,1.0,0.358304452146
1158,0.0,1.0,0.184217541989
1159,0.0,1.0,0.499866702213
1160,0.0,1.0,0.398560383898
1161,0.0,1.0,0.275126632898
1162,0.0,1.0,0.133564382831
1163,0.0,1.0,0.297254065583
1164,0.0,1.0,0.323913623034
1165,0.0,1.0,0.256464942682
1166,0.0,1.0,0.271660890429
1167,0.0,1.0,0.30711810184
1168,0.0,1.0,0.315649160224
1169,0.0,1.0,0.21380965076
1170,0.0,1.0,0.212743268462
1171,0.0,1.0,0.182084777393
1172,0.0,1.0,0.289789389496
1173,0.0,1.0,0.433484404159
1174,0.0,1.0,0.166888829645
1175,0.0,1.0,0.2876566249
1176,0.0,1.0,0.579312183418
1177,0.0,1.0,0.170354572114
1178,0.0,1.0,0.238336443615
1179,0.0,1.0,0.089842708611
1180,0.0,1.0,0.18608371101
1181,0.0,1.0,0.209010930419
1182,0.0,1.0,0.290055985071
1183,0.0,1.0,0.315382564649
1184,0.0,1.0,0.154892028792
1185,0.0,1.0,0.195414556118
1186,0.0,1.0,0.177286057051
1187,0.0,1.0,0.300986403626
1188,0.0,1.0,0.143428419088
1189,0.0,1.0,0.261530258598
1190,0.0,1.0,0.544921354306
1191,0.0,1.0,0.29298853639
1192,0.0,1.0,0.122900559851
1193,0.0,1.0,0.151959477473
1194,0.0,1.0,0.215409224207
1195,0.0,1.0,0.186883497734
1196,0.0,1.0,0.21620901093
1197,0.0,1.0,0.287390029326
1198,0.0,1.0,0.155691815516
1199,0.0,1.0,0.230871767529
1200,0.0,1.0,0.347374033591
1201,0.0,1.0,0.367102106105
1202,0.0,1.0,0.254332178086
1203,0.0,1.0,0.173553719008
1204,0.0,1.0,0.0797120767795
1205,0.0,1.0,0.070114636097
1206,0.0,1.0,0.0754465475873
1207,0.0,1.0,0.0653159157558
1208,0.0,1.0,0.0623833644362
1209,0.0,1.0,0.0631831511597
1210,0.0,1.0,0.0562516662223
1211,0.0,1.0,0.0634497467342
1212,0.0,1.0,0.0631831511597
1213,0.0,1.0,0.126899493468
1214,0.0,1.0,0.177286057051
1215,0.0,1.0,0.0903758997601
1216,0.0,1.0,0.0631831511597
1217,0.0,1.0,0.0442548653692
1218,0.0,1.0,0.0679818715009
1219,0.0,1.0,0.089309517462
1220,0.0,1.0,0.0714476139696
1221,0.0,1.0,0.117035457211
1222,0.0,1.0,0.0735803785657
1223,0.0,1.0,0.0565182617969
1224,0.0,1.0,0.0293255131965
1225,0.0,1.0,0.0477206078379
1226,0.0,1.0,0.0823780325247
1227,0.0,1.0,0.175153292455
1228,0.0,1.0,0.0866435617169
1229,0.0,1.0,0.0962410023994
1230,0.0,1.0,0.170354572114
1231,0.0,1.0,0.0957078112503
1232,0.0,1.0,0.235137296721
1233,0.0,1.0,0.135163956278
1234,0.0,1.0,0.0863769661424
1235,0.0,1.0,0.0711810183951
1236,0.0,1.0,0.0573180485204
1237,0.0,1.0,0.0765129298854
1238,0.0,1.0,0.0589176219675
1239,0.0,1.0,0.0557184750733
1240,0.0,1.0,0.0810450546521
1241,0.0,1.0,0.216742202079
1242,0.0,1.0,0.185017328712
1243,0.0,1.0,0.116502266062
1244,0.0,1.0,0.201279658758
1245,0.0,1.0,0.0845107971208
1246,0.0,1.0,0.0869101572914
1247,0.0,1.0,0.0858437749933
1248,0.0,1.0,0.117835243935
1249,0.0,1.0,0.0674486803519
1250,0.0,1.0,0.0861103705678
1251,0.0,1.0,0.0845107971208
1252,0.0,1.0,0.088776326313
1253,0.0,1.0,0.0247933884298
1254,0.0,1.0,0.0829112236737
1255,0.0,1.0,0.0466542255399
1256,0.0,1.0,0.098107171421
1257,0.0,1.0,0.0855771794188
1258,0.0,1.0,0.104238869635
1259,0.0,1.0,0.0631831511597
1260,0.0,1.0,0.0455878432418
1261,0.0,1.0,0.0781125033324
1262,0.0,1.0,0.0567848573714
1263,0.0,1.0,0.0666488936284
1264,0.0,1.0,0.0914422820581
1265,0.0,1.0,0.0706478272461
1266,0.0,1.0,0.226073047187
1267,0.0,1.0,0.0645161290323
1268,0.0,1.0,0.099173553719
1269,0.0,1.0,0.0373233804319
1270,0.0,1.0,0.100239936017
1271,0.0,1.0,0.0687816582245
1272,0.0,1.0,0.079978672354
1273,0.0,1.0,0.12050119968
1274,0.0,1.0,0.0762463343109
1275,0.0,1.0,0.089842708611
1276,0.0,1.0,0.124233537723
1277,0.0,1.0,0.111970141296
1278,0.0,1.0,0.123966942149
1279,0.0,1.0,0.121567581978
1280,0.0,1.0,0.11516928819
1281,0.0,1.0,0.103705678486
1282,0.0,1.0,0.0618501732871
1283,0.0,1.0,0.0429218874967
1284,0.0,1.0,0.0511863503066
1285,0.0,1.0,0.214876033058
1286,0.0,1.0,0.0845107971208
1287,0.0,1.0,0.0607837909891
1288,0.0,1.0,0.0903758997601
1289,0.0,1.0,0.119701412957
1290,0.0,1.0,0.126366302319
1291,0.0,1.0,0.195414556118
1292,0.0,1.0,0.0613169821381
1293,0.0,1.0,0.108237803252
1294,0.0,1.0,0.0853105838443
1295,0.0,1.0,0.0735803785657
1296,0.0,1.0,0.115969074913
1297,0.0,1.0,0.0754465475873
1298,0.0,1.0,0.0917088776326
1299,0.0,1.0,0.229005598507
1300,0.0,1.0,0.109570781125
1301,0.0,1.0,0.0509197547321
1302,0.0,1.0,0.078912290056
1303,0.0,1.0,0.0775793121834
1304,0.0,1.0,0.0655825113303
1305,0.0,1.0,0.0823780325247
1306,0.0,1.0,0.0282591308984
1307,0.0,1.0,0.146894161557
1308,0.0,1.0,0.050386563583
1309,0.0,1.0,0.102106105039
1310,0.0,1.0,0.0677152759264
1311,0.0,1.0,0.0866435617169
1312,0.0,1.0,0.038922953879
1313,0.0,1.0,0.0770461210344
1314,0.0,1.0,0.0541189016262
1315,0.0,1.0,0.202879232205
1316,0.0,1.0,0.0957078112503
1317,0.0,1.0,0.166622234071
1318,0.0,1.0,0.0514529458811
1319,0.0,1.0,0.0735803785657
1320,0.0,1.0,0.0626499600107
1321,0.0,1.0,0.125033324447
1322,0.0,1.0,0.0655825113303
1323,0.0,1.0,0.09864036257
1324,0.0,1.0,0.0874433484404
1325,0.0,1.0,0.141295654492
1326,0.0,1.0,0.0271927486004
1327,0.0,1.0,0.0842442015463
1328,0.0,1.0,0.039456145028
1329,0.0,1.0,0.0621167688616
1330,0.0,1.0,0.136763529725
1331,0.0,1.0,0.0855771794188
1332,0.0,1.0,0.167688616369
1333,0.0,1.0,0.0703812316716
1334,0.0,1.0,0.0917088776326
1335,0.0,1.0,0.0743801652893
1336,0.0,1.0,0.0354572114103
1337,0.0,1.0,0.245267928552
1338,0.0,1.0,0.160757131432
1339,0.0,1.0,0.147960543855
1340,0.0,1.0,0.162090109304
1341,0.0,1.0,0.119434817382
1342,0.0,1.0,0.166355638496
1343,0.0,1.0,0.0839776059717
1344,0.0,1.0,0.0842442015463
1345,0.0,1.0,0.110903758998
1346,0.0,1.0,0.0599840042655
1347,0.0,1.0,0.0895761130365
1348,0.0,1.0,0.06025059984
1349,0.0,1.0,0.0975739802719
1350,0.0,1.0,0.0810450546521
1351,0.0,1.0,0.0285257264729
1352,0.0,1.0,0.0807784590776
1353,0.0,1.0,0.0767795254599
1354,0.0,1.0,0.117835243935
1355,0.0,1.0,0.0639829378832
1356,0.0,1.0,0.0594508131165
1357,0.0,1.0,0.0871767528659
1358,0.0,1.0,0.0429218874967
1359,0.0,1.0,0.0829112236737
1360,0.0,1.0,0.102372700613
1361,0.0,1.0,0.0490535857105
1362,0.0,1.0,0.154358837643
1363,0.0,1.0,0.179152226073
1364,0.0,1.0,0.100773127166
1365,0.0,1.0,0.122367368702
1366,0.0,1.0,0.240469208211
1367,0.0,1.0,0.0514529458811
1368,0.0,1.0,0.06851506265
1369,0.0,1.0,0.171420954412
1370,0.0,1.0,0.0450546520928
1371,0.0,1.0,0.0861103705678
1372,0.0,1.0,0.0509197547321
1373,0.0,1.0,0.0818448413756
1374,0.0,1.0,0.0674486803519
1375,0.0,1.0,0.105305251933
1376,0.0,1.0,0.196214342842
1377,0.0,1.0,0.0722474006931
1378,0.0,1.0,0.105305251933
1379,0.0,1.0,0.0925086643562
1380,0.0,1.0,0.0623833644362
1381,0.0,1.0,0.12050119968
1382,0.0,1.0,0.111703545721
1383,0.0,1.0,0.0538523060517
1384,0.0,1.0,0.0671820847774
1385,0.0,1.0,0.229538789656
1386,0.0,1.0,0.0943748333778
1387,0.0,1.0,0.0738469741402
1388,0.0,1.0,0.158624366836
1389,0.0,1.0,0.078912290056
1390,0.0,1.0,0.147160757131
1391,0.0,1.0,0.0946414289523
1392,0.0,1.0,0.0711810183951
1393,0.0,1.0,0.0549186883498
1394,0.0,1.0,0.0922420687817
1395,0.0,1.0,0.175153292455
1396,0.0,1.0,0.119434817382
1397,0.0,1.0,0.212210077313
1398,0.0,1.0,0.0714476139696
1399,0.0,1.0,0.0919754732071
1400,0.0,1.0,0.115969074913
1401,0.0,1.0,0.0738469741402
1402,0.0,1.0,0.125299920021
1403,0.0,1.0,0.214076246334
1404,0.0,1.0,0.135963743002
1405,0.0,1.0,0.0650493201813
1406,0.0,1.0,0.234337509997
1407,0.0,1.0,0.116235670488
1408,0.0,1.0,0.079978672354
1409,0.0,1.0,0.0682484670754
1410,0.0,1.0,0.0815782458011
1411,0.0,1.0,0.155158624367
1412,0.0,1.0,0.194881364969
1413,0.0,1.0,0.0599840042655
1414,0.0,1.0,0.124766728872
1415,0.0,1.0,0.0727805918422
1416,0.0,1.0,0.0538523060517
1417,0.0,1.0,0.0671820847774
1418,0.0,1.0,0.0927752599307
1419,0.0,1.0,0.0757131431618
1420,0.0,1.0,0.129565449214
1421,0.0,1.0,0.148760330579
1422,0.0,1.0,0.151426286324
1423,0.0,1.0,0.0698480405225
1424,0.0,1.0,0.0749133564383
1425,0.0,1.0,0.137829912023
1426,0.0,1.0,0.0562516662223
1427,0.0,1.0,0.139429485471
1428,0.0,1.0,0.0765129298854
1429,0.0,1.0,0.141562250067
1430,0.0,1.0,0.119701412957
1431,0.0,1.0,0.171154358838
1432,0.0,1.0,0.0959744068248
1433,0.0,1.0,0.108504398827
1434,0.0,1.0,0.126899493468
1435,0.0,1.0,0.0621167688616
1436,0.0,1.0,0.155691815516
1437,0.0,1.0,0.0519861370301
1438,0.0,1.0,0.0770461210344
1439,0.0,1.0,0.0653159157558
1440,0.0,1.0,0.0557184750733
1441,0.0,1.0,0.137829912023
1442,0.0,1.0,0.0903758997601
1443,0.0,1.0,0.0530525193282
1444,0.0,1.0,0.0623833644362
1445,0.0,1.0,0.11516928819
1446,0.0,1.0,0.111436950147
1447,0.0,1.0,0.106105038656
1448,0.0,1.0,0.0935750466542
1449,0.0,1.0,0.0538523060517
1450,0.0,1.0,0.0149293521728
1451,0.0,1.0,0.0125299920021
1452,0.0,1.0,0.0255931751533
1453,0.0,1.0,0.0215942415356
1454,0.0,1.0,0.0159957344708
1455,0.0,1.0,0.0149293521728
1456,0.0,1.0,0.0247933884298
1457,0.0,1.0,0.0183950946414
1458,0.0,1.0,0.0218608371101
1459,0.0,1.0,0.0154625433218
1460,0.0,1.0,0.0165289256198
1461,0.0,1.0,0.0175953079179
1462,0.0,1.0,0.0199946680885
1463,0.0,1.0,0.0130631831512
1464,0.0,1.0,0.0146627565982
1465,0.0,1.0,0.0146627565982
1466,0.0,1.0,0.00906424953346
1467,0.0,1.0,0.0247933884298
1468,0.0,1.0,0.0234604105572
1469,0.0,1.0,0.030658491069
1470,0.0,1.0,0.0335910423887
1471,0.0,1.0,0.0194614769395
1472,0.0,1.0,0.0234604105572
1473,0.0,1.0,0.0279925353239
1474,0.0,1.0,0.0199946680885
1475,0.0,1.0,0.0117302052786
1476,0.0,1.0,0.0199946680885
1477,0.0,1.0,0.0167955211943
1478,0.0,1.0,0.0178619034924
1479,0.0,1.0,0.0159957344708
1480,0.0,1.0,0.0119968008531
1481,0.0,1.0,0.0231938149827
1482,0.0,1.0,0.0194614769395
1483,0.0,1.0,0.0210610503866
1484,0.0,1.0,0.019728072514
1485,0.0,1.0,0.0111970141296
1486,0.0,1.0,0.0207944548121
1487,0.0,1.0,0.00879765395894
1488,0.0,1.0,0.019194881365
1489,0.0,1.0,0.0253265795788
1490,0.0,1.0,0.0109304185551
1491,0.0,1.0,0.0135963743002
1492,0.0,1.0,0.020261263663
1493,0.0,1.0,0.0135963743002
1494,0.0,1.0,0.0298587043455
1495,0.0,1.0,0.03012529992
1496,0.0,1.0,0.0143961610237
1497,0.0,1.0,0.019194881365
1498,0.0,1.0,0.0167955211943
1499,0.0,1.0,0.0170621167689
1500,0.0,1.0,0.0149293521728
1501,0.0,1.0,0.0189282857905
1502,0.0,1.0,0.0157291388963
1503,0.0,1.0,0.0157291388963
1504,0.0,1.0,0.0258597707278
1505,0.0,1.0,0.0213276459611
1506,0.0,1.0,0.0194614769395
1507,0.0,1.0,0.0261263663023
1508,0.0,1.0,0.0127965875766
1509,0.0,1.0,0.0167955211943
1510,0.0,1.0,0.0141295654492
1511,0.0,1.0,0.0269261530259
1512,0.0,1.0,0.0151959477473
1513,0.0,1.0,0.03012529992
1514,0.0,1.0,0.0175953079179
1515,0.0,1.0,0.0122633964276
1516,0.0,1.0,0.0130631831512
1517,0.0,1.0,0.0247933884298
1518,0.0,1.0,0.0210610503866
1519,0.0,1.0,0.0223940282591
1520,0.0,1.0,0.0154625433218
1521,0.0,1.0,0.0130631831512
1522,0.0,1.0,0.0109304185551
1523,0.0,1.0,0.0183950946414
1524,0.0,1.0,0.0221274326846
1525,0.0,1.0,0.0138629698747
1526,0.0,1.0,0.0135963743002
1527,0.0,1.0,0.0189282857905
1528,0.0,1.0,0.0159957344708
1529,0.0,1.0,0.0133297787257
1530,0.0,1.0,0.0127965875766
1531,0.0,1.0,0.0207944548121
1532,0.0,1.0,0.0199946680885
1533,0.0,1.0,0.020261263663
1534,0.0,1.0,0.0263929618768
1535,0.0,1.0,0.0210610503866
1536,0.0,1.0,0.0319914689416
1537,0.0,1.0,0.0151959477473
1538,0.0,1.0,0.0162623300453
1539,0.0,1.0,0.0146627565982
1540,0.0,1.0,0.0151959477473
1541,0.0,1.0,0.0125299920021
1542,0.0,1.0,0.0133297787257
1543,0.0,1.0,0.0346574246868
1544,0.0,1.0,0.0143961610237
1545,0.0,1.0,0.019728072514
1546,0.0,1.0,0.0154625433218
1547,0.0,1.0,0.0165289256198
1548,0.0,1.0,0.0266595574513
1549,0.0,1.0,0.0127965875766
1550,0.0,1.0,0.0149293521728
1551,0.0,1.0,0.0253265795788
1552,0.0,1.0,0.0250599840043
1553,0.0,1.0,0.0138629698747
1554,0.0,1.0,0.0183950946414
1555,0.0,1.0,0.0127965875766
1556,0.0,1.0,0.0258597707278
1557,0.0,1.0,0.0106638229805
1558,0.0,1.0,0.0143961610237
1559,0.0,1.0,0.0269261530259
1560,0.0,1.0,0.0114636097041
1561,0.0,1.0,0.0231938149827
1562,0.0,1.0,0.0258597707278
1563,0.0,1.0,0.0151959477473
1564,0.0,1.0,0.0157291388963
1565,0.0,1.0,0.039456145028
1566,0.0,1.0,0.0183950946414
1567,0.0,1.0,0.019728072514
1568,0.0,1.0,0.0125299920021
1569,0.0,1.0,0.0186616902159
1570,0.0,1.0,0.010397227406
1571,0.0,1.0,0.0133297787257
1572,0.0,1.0,0.0130631831512
1573,0.0,1.0,0.0127965875766
1574,0.0,1.0,0.0271927486004
1575,0.0,1.0,0.0127965875766
1576,0.0,1.0,0.0143961610237
1577,0.0,1.0,0.0154625433218
1578,0.0,1.0,0.0162623300453
1579,0.0,1.0,0.0231938149827
1580,0.0,1.0,0.0223940282591
1581,0.0,1.0,0.0125299920021
1582,0.0,1.0,0.0173287123434
1583,0.0,1.0,0.0207944548121
1584,0.0,1.0,0.0165289256198
1585,0.0,1.0,0.0205278592375
1586,0.0,1.0,0.0149293521728
1587,0.0,1.0,0.0269261530259
1588,0.0,1.0,0.0159957344708
1589,0.0,1.0,0.0157291388963
1590,0.0,1.0,0.0226606238336
1591,0.0,1.0,0.0130631831512
1592,0.0,1.0,0.0141295654492
1593,0.0,1.0,0.0229272194082
1594,0.0,1.0,0.0285257264729
1595,0.0,1.0,0.0149293521728
1596,0.0,1.0,0.0373233804319
1597,0.0,1.0,0.009864036257
1598,0.0,1.0,0.0218608371101
1599,0.0,1.0,0.0173287123434
1600,0.0,1.0,0.0114636097041
1601,0.0,1.0,0.0178619034924
1602,0.0,1.0,0.0293255131965
1603,0.0,1.0,0.0247933884298
1604,0.0,1.0,0.0159957344708
1605,0.0,1.0,0.0298587043455
1606,0.0,1.0,0.0141295654492
1607,0.0,1.0,0.0258597707278
1608,0.0,1.0,0.0229272194082
1609,0.0,1.0,0.0207944548121
1610,0.0,1.0,0.0194614769395
1611,0.0,1.0,0.0181284990669
1612,0.0,1.0,0.019194881365
1613,0.0,1.0,0.0146627565982
1614,0.0,1.0,0.0367901892829
1615,0.0,1.0,0.0109304185551
1616,0.0,1.0,0.0151959477473
1617,0.0,1.0,0.0111970141296
1618,0.0,1.0,0.0178619034924
1619,0.0,1.0,0.0207944548121
1620,0.0,1.0,0.0183950946414
1621,0.0,1.0,0.010397227406
1622,0.0,1.0,0.029592108771
1623,0.0,1.0,0.0317248733671
1624,0.0,1.0,0.0175953079179
1625,0.0,1.0,0.0135963743002
1626,0.0,1.0,0.0135963743002
1627,0.0,1.0,0.0229272194082
1628,0.0,1.0,0.0138629698747
1629,0.0,1.0,0.0133297787257
1630,0.0,1.0,0.0154625433218
1631,0.0,1.0,0.0143961610237
1632,0.0,1.0,0.0117302052786
1633,0.0,1.0,0.0138629698747
1634,0.0,1.0,0.0207944548121
1635,0.0,1.0,0.0109304185551
1636,0.0,1.0,0.0189282857905
1637,0.0,1.0,0.0162623300453
1638,0.0,1.0,0.0130631831512
1639,0.0,1.0,0.0127965875766
1640,0.0,1.0,0.0194614769395
1641,0.0,1.0,0.0207944548121
1642,0.0,1.0,0.0154625433218
1643,0.0,1.0,0.0162623300453
1644,0.0,1.0,0.0215942415356
1645,0.0,1.0,0.0189282857905
1646,0.0,1.0,0.0146627565982
1647,0.0,1.0,0.0111970141296
1648,0.0,1.0,0.0210610503866
1649,0.0,1.0,0.0122633964276
1650,0.0,1.0,0.0154625433218
1651,0.0,1.0,0.0157291388963
1652,0.0,1.0,0.0183950946414
1653,0.0,1.0,0.0221274326846
1654,0.0,1.0,0.0218608371101
1655,0.0,1.0,0.0114636097041
1656,0.0,1.0,0.029058917622
1657,0.0,1.0,0.0183950946414
1658,0.0,1.0,0.0130631831512
1659,0.0,1.0,0.0183950946414
1660,0.0,1.0,0.0125299920021
1661,0.0,1.0,0.0221274326846
1662,0.0,1.0,0.0151959477473
1663,0.0,1.0,0.0119968008531
1664,0.0,1.0,0.0154625433218
1665,0.0,1.0,0.0229272194082
1666,0.0,1.0,0.0125299920021
1667,0.0,1.0,0.0109304185551
1668,0.0,1.0,0.0218608371101
1669,0.0,1.0,0.019194881365
1670,0.0,1.0,0.010397227406
1671,0.0,1.0,0.010397227406
1672,0.0,1.0,0.0165289256198
1673,0.0,1.0,0.0149293521728
1674,0.0,1.0,0.0170621167689
1675,0.0,1.0,0.0157291388963
1676,0.0,1.0,0.0221274326846
1677,0.0,1.0,0.029058917622
1678,0.0,1.0,0.0157291388963
1679,0.0,1.0,0.0162623300453
1680,0.0,1.0,0.0119968008531
1681,0.0,1.0,0.0170621167689
1682,0.0,1.0,0.0170621167689
1683,0.0,1.0,0.0122633964276
1684,0.0,1.0,0.0231938149827
1685,0.0,1.0,0.010397227406
1686,0.0,1.0,0.0170621167689
1687,0.0,1.0,0.0117302052786
1688,0.0,1.0,0.0122633964276
1689,0.0,1.0,0.0149293521728
1690,0.0,1.0,0.0359904025593
1691,0.0,1.0,0.0183950946414
1692,0.0,1.0,0.0127965875766
1693,0.0,1.0,0.019194881365
1694,0.0,1.0,0.0127965875766
1695,0.0,1.0,0.0167955211943
1696,0.0,1.0,0.0170621167689
1697,0.0,1.0,0.0127965875766
1698,0.0,1.0,0.0213276459611
1699,0.0,1.0,0.0263929618768
1700,0.0,1.0,0.0298587043455
1701,0.0,1.0,0.0119968008531
1702,0.0,1.0,0.0261263663023
1703,0.0,1.0,0.0231938149827
1704,0.0,1.0,0.0130631831512
1705,0.0,1.0,0.019194881365
1706,0.0,1.0,0.0159957344708
1707,0.0,1.0,0.0114636097041
1708,0.0,1.0,0.00906424953346
1709,0.0,1.0,0.0162623300453
1710,0.0,1.0,0.019194881365
1711,0.0,1.0,0.0141295654492
1712,0.0,1.0,0.0135963743002
1713,0.0,1.0,0.0170621167689
1714,0.0,1.0,0.0146627565982
1715,0.0,1.0,0.0183950946414
1716,0.0,1.0,0.0293255131965
1717,0.0,1.0,0.0215942415356
1718,0.0,1.0,0.0157291388963
1719,0.0,1.0,0.0106638229805
1720,0.0,1.0,0.0173287123434
1721,0.0,1.0,0.0109304185551
1722,0.0,1.0,0.0117302052786
1723,0.0,1.0,0.0157291388963
1724,0.0,1.0,0.0194614769395
1725,0.0,1.0,0.0159957344708
1726,0.0,1.0,0.0143961610237
1727,0.0,1.0,0.0175953079179
1728,0.0,1.0,0.029058917622
1729,0.0,1.0,0.0167955211943
1730,0.0,1.0,0.0135963743002
1731,0.0,1.0,0.0218608371101
1732,0.0,1.0,0.0157291388963
1733,0.0,1.0,0.0274593441749
1734,0.0,1.0,0.0250599840043
1735,0.0,1.0,0.0149293521728
1736,0.0,1.0,0.0149293521728
1737,0.0,1.0,0.0173287123434
1738,0.0,1.0,0.0141295654492
1739,0.0,1.0,0.040522527326
1740,0.0,1.0,0.0117302052786
1741,0.0,1.0,0.0194614769395
1742,0.0,1.0,0.0130631831512
1743,0.0,1.0,0.0151959477473
1744,0.0,1.0,0.0346574246868
1745,0.0,1.0,0.0119968008531
1746,0.0,1.0,0.0138629698747
1747,0.0,1.0,0.0170621167689
1748,0.0,1.0,0.0106638229805
1749,0.0,1.0,0.0354572114103
1750,0.0,1.0,0.0133297787257
1751,0.0,1.0,0.0183950946414
1752,0.0,1.0,0.0274593441749
1753,0.0,1.0,0.0149293521728
1754,0.0,1.0,0.0143961610237
1755,0.0,1.0,0.0247933884298
1756,0.0,1.0,0.0111970141296
1757,0.0,1.0,0.0287923220475
1758,0.0,1.0,0.0125299920021
1759,0.0,1.0,0.0210610503866
1760,0.0,1.0,0.0127965875766
1761,0.0,1.0,0.0285257264729
1762,0.0,1.0,0.0167955211943
1763,0.0,1.0,0.0143961610237
1764,0.0,1.0,0.0298587043455
1765,0.0,1.0,0.0199946680885
1766,0.0,1.0,0.0181284990669
1767,0.0,1.0,0.0269261530259
1768,0.0,1.0,0.0146627565982
1769,0.0,1.0,0.0138629698747
1770,0.0,1.0,0.0218608371101
1771,0.0,1.0,0.0151959477473
1772,0.0,1.0,0.0167955211943
1773,0.0,1.0,0.0122633964276
1774,0.0,1.0,0.0117302052786
1775,0.0,1.0,0.020261263663
1776,0.0,1.0,0.0111970141296
